code;city;NUTS;City;Average Concentration;Pollutant;Number of Records;Number of Cities;UnitOfMeasurement
PT30;Região Autónoma da Madeira (PT);PT30;Funchal;2.621576003322009;SO2;8769;8784;µg/m3
PT30;Região Autónoma da Madeira (PT);PT30;Funchal;15.81935759134122;PM10;17559;17568;µg/m3
PT30;Região Autónoma da Madeira (PT);PT30;Funchal;72.2295142457866;O3;8667;8784;µg/m3
PT30;Região Autónoma da Madeira (PT);PT30;Funchal;21.84691632129827;NO2;17544;17568;µg/m3
PT30;Região Autónoma da Madeira (PT);PT30;Funchal;0.1200847013189685;CO;8772;8784;µg/m3
PT30;Região Autónoma da Madeira (PT);PT30;Funchal;21.80416048877923;NO;8773;8785;µg/m3
ITF2;Molise;ITF2;Campobasso;3.5625274715289312;SO2;7829;8784;µg/m3
ITF2;Molise;ITF2;Campobasso;15.6;PM10;50;366;µg/m3
ITF2;Molise;ITF2;Campobasso;55.68320508592009;O3;14597;17568;µg/m3
ITF2;Molise;ITF2;Campobasso;17.139802302357594;NO2;20652;26352;µg/m3
ITF2;Molise;ITF2;Campobasso;7.245554513179396;NO;20652;26352;µg/m3
ES23;La Rioja;ES23;Logrono;3.2141906832536145;SO2;8569;8784;µg/m3
ES23;La Rioja;ES23;Logrono;20.690154238375097;PM10;8623;8784;µg/m3
ES23;La Rioja;ES23;Logrono;47.9671645301623;O3;8503;8784;µg/m3
ES23;La Rioja;ES23;Logrono;14.65487221186922;NO2;8569;8784;µg/m3
ES23;La Rioja;ES23;Logrono;0.3369272363935612;CO;8507;8784;µg/m3
ES23;La Rioja;ES23;Logrono;6.445984421384467;NO;8218;8784;µg/m3
CH07;Ticino;CH07;Lugano;1.8332898507053923;SO2;8761;8784;µg/m3
CH07;Ticino;CH07;Lugano;16.035262428005453;PM10;732;732;µg/m3
CH07;Ticino;CH07;Lugano;54.09726771876606;O3;17520;17568;µg/m3
CH07;Ticino;CH07;Lugano;20.002353352880583;NO2;17503;17568;µg/m3
CH07;Ticino;CH07;Lugano;0.2927593455299767;CO;8774;8784;µg/m3
CH07;Ticino;CH07;Lugano;7.2383808008575645;NO;17503;17568;µg/m3
PT15;Algarve;PT15;Faro;13.632518086484817;PM10;6910;8784;µg/m3
PT15;Algarve;PT15;Faro;58.00473893255696;O3;8293;8784;µg/m3
PT15;Algarve;PT15;Faro;7.511390823940449;NO2;8024;8784;µg/m3
PT15;Algarve;PT15;Faro;2.0136714840267644;NO;8024;8784;µg/m3
BE35;Prov. Namur;BE35;Namur;16.80771435715037;PM10;8670;8784;µg/m3
BE35;Prov. Namur;BE35;Namur;46.87431178228724;O3;6357;8784;µg/m3
BE35;Prov. Namur;BE35;Namur;17.219476574366166;NO2;8559;8784;µg/m3
MT00;Malta;MT00;Valletta;0.5900428387750557;SO2;8637;8784;µg/m3
MT00;Malta;MT00;Valletta;34.53852602306852;PM10;365;366;µg/m3
MT00;Malta;MT00;Valletta;62.512136806792064;O3;8742;8784;µg/m3
MT00;Malta;MT00;Valletta;24.30176113478616;NO2;8574;8784;µg/m3
MT00;Malta;MT00;Valletta;0.3177322467264316;CO;8590;8784;µg/m3
MT00;Malta;MT00;Valletta;15.4171661776734;NO;8575;8784;µg/m3
ITH1;Provincia Autonoma di Bolzano/Bozen;ITH1;Bolzano;0.8005979134750937;SO2;8630;8784;µg/m3
ITH1;Provincia Autonoma di Bolzano/Bozen;ITH1;Bolzano;16.044644524313764;PM10;8552;8784;µg/m3
ITH1;Provincia Autonoma di Bolzano/Bozen;ITH1;Bolzano;39.995632140197394;O3;8661;8784;µg/m3
ITH1;Provincia Autonoma di Bolzano/Bozen;ITH1;Bolzano;29.722930201710163;NO2;25790;26352;µg/m3
ITH1;Provincia Autonoma di Bolzano/Bozen;ITH1;Bolzano;0.3261397399953712;CO;8616;8784;µg/m3
ITH1;Provincia Autonoma di Bolzano/Bozen;ITH1;Bolzano;20.701711125110943;NO;25790;26352;µg/m3
DEB2;Trier;DEB2;Trier;1.0241156056213971;SO2;8763;8784;µg/m3
DEB2;Trier;DEB2;Trier;14.749502290959288;PM10;8621;8784;µg/m3
DEB2;Trier;DEB2;Trier;21.92290026052064;NO2;8777;8810;µg/m3
DEB2;Trier;DEB2;Trier;0.2626373748162946;CO;8764;8784;µg/m3
DEB2;Trier;DEB2;Trier;12.113203481522572;NO;8751;8784;µg/m3
ITH2;Provincia Autonoma di Trento;ITH2;Trento;2.0815005707068703;SO2;8730;8784;µg/m3
ITH2;Provincia Autonoma di Trento;ITH2;Trento;20.030261348005503;PM10;727;732;µg/m3
ITH2;Provincia Autonoma di Trento;ITH2;Trento;45.24092905015022;O3;8654;8784;µg/m3
ITH2;Provincia Autonoma di Trento;ITH2;Trento;32.73801076739239;NO2;17454;17568;µg/m3
ITH2;Provincia Autonoma di Trento;ITH2;Trento;0.677439652132468;CO;8741;8784;µg/m3
AT32;Salzburg;AT32;Salzburg;1.7953810698714705;SO2;8402;8784;µg/m3
AT32;Salzburg;AT32;Salzburg;13.405373668523472;PM10;26614;26695;µg/m3
AT32;Salzburg;AT32;Salzburg;50.49247334931952;O3;16700;17568;µg/m3
AT32;Salzburg;AT32;Salzburg;21.244787899252422;NO2;25193;26352;µg/m3
AT32;Salzburg;AT32;Salzburg;0.2533538683817266;CO;16808;17568;µg/m3
AT32;Salzburg;AT32;Salzburg;5.707083384135947;NO;16789;17568;µg/m3
AT21;Kärnten;AT21;Klagenfurt;1.0649789580110274;SO2;8517;8784;µg/m3
AT21;Kärnten;AT21;Klagenfurt;16.81105189967626;PM10;17340;17568;µg/m3
AT21;Kärnten;AT21;Klagenfurt;41.69829233434908;O3;14148;14881;µg/m3
AT21;Kärnten;AT21;Klagenfurt;20.495891136781488;NO2;33568;35136;µg/m3
AT21;Kärnten;AT21;Klagenfurt;0.2847207898333926;CO;8463;8784;µg/m3
AT21;Kärnten;AT21;Klagenfurt;10.126376063462798;NO;8404;8784;µg/m3
NL11;Groningen;NL11;Groningen;19.128118399513976;PM10;8716;8784;µg/m3
NL11;Groningen;NL11;Groningen;52.96533433520449;O3;8614;8784;µg/m3
NL11;Groningen;NL11;Groningen;13.968458305628056;NO2;17390;17568;µg/m3
NL11;Groningen;NL11;Groningen;5.927934442996617;NO;17390;17568;µg/m3
DK05;Nordjylland;DK05;Aalborg;0.8709559337044321;SO2;8147;8784;µg/m3
DK05;Nordjylland;DK05;Aalborg;58.94630988149835;O3;7961;8784;µg/m3
DK05;Nordjylland;DK05;Aalborg;13.253374849288443;NO2;16161;17568;µg/m3
DK05;Nordjylland;DK05;Aalborg;0.1904812324245017;CO;8179;8784;µg/m3
DK05;Nordjylland;DK05;Aalborg;7.311857283431329;NO;17034;17568;µg/m3
LU00;Luxembourg;LU00;Luxembourg;1.95788748048751;SO2;7981;8784;µg/m3
LU00;Luxembourg;LU00;Luxembourg;17.73144570663803;PM10;17341;17933;µg/m3
LU00;Luxembourg;LU00;Luxembourg;49.55691295665453;O3;8513;8784;µg/m3
LU00;Luxembourg;LU00;Luxembourg;22.742917708115925;NO2;16746;17568;µg/m3
LU00;Luxembourg;LU00;Luxembourg;0.2116216216216113;CO;16613;17568;µg/m3
LU00;Luxembourg;LU00;Luxembourg;9.7999462527907;NO;16746;17568;µg/m3
DE50;Bremen;DE50;Bremen;1.13869741316493;SO2;43429;43920;µg/m3
DE50;Bremen;DE50;Bremerhaven;1.13869741316493;SO2;43429;43920;µg/m3
DE50;Bremen;DE50;Bremen;16.114138197939695;PM10;61215;61488;µg/m3
DE50;Bremen;DE50;Bremerhaven;16.114138197939695;PM10;61215;61488;µg/m3
DE50;Bremen;DE50;Bremen;46.45767224248777;O3;41757;43920;µg/m3
DE50;Bremen;DE50;Bremerhaven;46.45767224248777;O3;41757;43920;µg/m3
DE50;Bremen;DE50;Bremen;20.409317635002367;NO2;61082;61488;µg/m3
DE50;Bremen;DE50;Bremerhaven;20.409317635002367;NO2;61082;61488;µg/m3
DE50;Bremen;DE50;Bremen;0.2440162043659355;CO;34682;35136;µg/m3
DE50;Bremen;DE50;Bremerhaven;0.2440162043659355;CO;34682;35136;µg/m3
DE50;Bremen;DE50;Bremen;8.845000324913803;NO;61076;61488;µg/m3
DE50;Bremen;DE50;Bremerhaven;8.845000324913803;NO;61076;61488;µg/m3
SK01;Bratislavský kraj;SK01;Bratislava;2.517614968003552;SO2;16930;16930;µg/m3
SK01;Bratislavský kraj;SK01;Bratislava;20.55912542847054;PM10;34669;34669;µg/m3
SK01;Bratislavský kraj;SK01;Bratislava;54.65224083613988;O3;16856;16856;µg/m3
SK01;Bratislavský kraj;SK01;Bratislava;19.042966475315087;NO2;25294;25294;µg/m3
SK01;Bratislavský kraj;SK01;Bratislava;0.3175925034250174;CO;8362;8362;µg/m3
HR05;Grad Zagreb;HR05;Zagreb;2.2860922706871705;SO2;8193;8783;µg/m3
HR05;Grad Zagreb;HR05;Zagreb;25.479143439016383;PM10;732;732;µg/m3
HR05;Grad Zagreb;HR05;Zagreb;43.206774948948826;O3;8496;8783;µg/m3
HR05;Grad Zagreb;HR05;Zagreb;27.852900991320045;NO2;16181;17566;µg/m3
HR05;Grad Zagreb;HR05;Zagreb;0.412673383000724;CO;8288;8783;µg/m3
LT01;Sostines regionas;LT01;Vilnius;7.988992302951516;SO2;17287;17568;µg/m3
LT01;Sostines regionas;LT01;Vilnius;25.086191974349347;PM10;25378;26352;µg/m3
LT01;Sostines regionas;LT01;Vilnius;42.05053113074969;O3;17039;17568;µg/m3
LT01;Sostines regionas;LT01;Vilnius;17.12331698611327;NO2;25698;26352;µg/m3
LT01;Sostines regionas;LT01;Vilnius;0.3005049557093472;CO;17051;17568;µg/m3
CH06;Zentralschweiz;CH06;Luzern;14.744307119671248;PM10;365;366;µg/m3
CH06;Zentralschweiz;CH06;Luzern;29.92295518242172;NO2;8783;8784;µg/m3
CH06;Zentralschweiz;CH06;Luzern;19.20867180569504;NO;8783;8784;µg/m3
ITI2;Umbria;ITI2;Perugia;1.789763680778485;SO2;8040;8784;µg/m3
ITI2;Umbria;ITI2;Perugia;24.364499288087327;PM10;2107;2196;µg/m3
ITI2;Umbria;ITI2;Terni;24.364499288087327;PM10;2107;2196;µg/m3
ITI2;Umbria;ITI2;Perugia;49.889981343044;O3;16619;17568;µg/m3
ITI2;Umbria;ITI2;Terni;49.889981343044;O3;16619;17568;µg/m3
ITI2;Umbria;ITI2;Perugia;18.438909694478525;NO2;49124;52704;µg/m3
ITI2;Umbria;ITI2;Terni;18.438909694478525;NO2;49124;52704;µg/m3
ITI2;Umbria;ITI2;Perugia;0.4669911470832842;CO;17170;17568;µg/m3
ITI2;Umbria;ITI2;Terni;0.4669911470832842;CO;17170;17568;µg/m3
ITI2;Umbria;ITI2;Perugia;12.337148088598903;NO;49125;52704;µg/m3
ITI2;Umbria;ITI2;Terni;12.337148088598903;NO;49125;52704;µg/m3
CY00;Kypros;CY00;Lefkosia;2.629393740429761;SO2;17568;17568;µg/m3
CY00;Kypros;CY00;Lefkosia;30.828688520901608;PM10;732;732;µg/m3
CY00;Kypros;CY00;Lemesos;30.828688520901608;PM10;732;732;µg/m3
CY00;Kypros;CY00;Lefkosia;61.69258001867388;O3;17568;17568;µg/m3
CY00;Kypros;CY00;Lefkosia;23.119277207849365;NO2;17568;17568;µg/m3
CY00;Kypros;CY00;Lefkosia;0.378844481205602;CO;17568;17568;µg/m3
PL52;Opolskie;PL52;Opole;3.634094030945525;SO2;8757;8763;µg/m3
PL52;Opolskie;PL52;Opole;23.15818084962167;PM10;9120;9121;µg/m3
PL52;Opolskie;PL52;Opole;48.25952157809365;O3;8760;8763;µg/m3
PL52;Opolskie;PL52;Opole;13.897800959133727;NO2;8704;8763;µg/m3
PL52;Opolskie;PL52;Opole;2.8121608855255484;NO;8705;8763;µg/m3
DEC0;Saarland;DEC0;Saarbrucken;1.8147364194614948;SO2;8783;8784;µg/m3
DEC0;Saarland;DEC0;Saarbrucken;13.681933127193808;PM10;26320;26352;µg/m3
DEC0;Saarland;DEC0;Saarbrucken;47.71043044342679;O3;35103;35136;µg/m3
DEC0;Saarland;DEC0;Saarbrucken;19.739460209844975;NO2;35125;35136;µg/m3
DEC0;Saarland;DEC0;Saarbrucken;0.3709611218697931;CO;8771;8784;µg/m3
DEC0;Saarland;DEC0;Saarbrucken;10.802630392069831;NO;35124;35136;µg/m3
SI04;Zahodna Slovenija;SI04;Ljubljana;3.0279304543721186;SO2;8369;8784;µg/m3
SI04;Zahodna Slovenija;SI04;Ljubljana;20.76320939334638;PM10;1022;1035;µg/m3
SI04;Zahodna Slovenija;SI04;Ljubljana;41.058716084077375;O3;8404;8784;µg/m3
SI04;Zahodna Slovenija;SI04;Ljubljana;21.456451511870007;NO2;13231;13848;µg/m3
SI04;Zahodna Slovenija;SI04;Ljubljana;0.3499690364380374;CO;8397;8784;µg/m3
DE72;Gießen;DE72;Wetzlar;0.918340679244112;SO2;8759;8784;µg/m3
DE72;Gießen;DE72;Giessen;14.533547396397934;PM10;35121;35258;µg/m3
DE72;Gießen;DE72;Marburg;14.533547396397934;PM10;35121;35258;µg/m3
DE72;Gießen;DE72;Wetzlar;14.533547396397934;PM10;35121;35258;µg/m3
DE72;Gießen;DE72;Marburg;42.626983001855;O3;17525;17568;µg/m3
DE72;Gießen;DE72;Wetzlar;42.626983001855;O3;17525;17568;µg/m3
DE72;Gießen;DE72;Giessen;25.666134585668853;NO2;35082;35175;µg/m3
DE72;Gießen;DE72;Marburg;25.666134585668853;NO2;35082;35175;µg/m3
DE72;Gießen;DE72;Wetzlar;25.666134585668853;NO2;35082;35175;µg/m3
DE72;Gießen;DE72;Giessen;0.3240427368417746;CO;17532;17568;µg/m3
DE72;Gießen;DE72;Marburg;0.3240427368417746;CO;17532;17568;µg/m3
DE72;Gießen;DE72;Giessen;17.132456465612332;NO;35035;35136;µg/m3
DE72;Gießen;DE72;Marburg;17.132456465612332;NO;35035;35136;µg/m3
DE72;Gießen;DE72;Wetzlar;17.132456465612332;NO;35035;35136;µg/m3
DED5;Leipzig;DED5;Leipzig;1.7674200749611115;SO2;8746;8784;µg/m3
DED5;Leipzig;DED5;Leipzig;15.546191982930353;PM10;26330;27450;µg/m3
DED5;Leipzig;DED5;Leipzig;46.915416539497386;O3;16224;26352;µg/m3
DED5;Leipzig;DED5;Leipzig;22.47775032100505;NO2;26182;26352;µg/m3
DED5;Leipzig;DED5;Leipzig;15.267904053255291;NO;26182;26352;µg/m3
DE24;Oberfranken;DE24;Bamberg;15.231560691048283;PM10;17442;17568;µg/m3
DE24;Oberfranken;DE24;Bayreuth;15.231560691048283;PM10;17442;17568;µg/m3
DE24;Oberfranken;DE24;Bamberg;20.022763379544124;NO2;17507;17568;µg/m3
DE24;Oberfranken;DE24;Bayreuth;20.022763379544124;NO2;17507;17568;µg/m3
DE24;Oberfranken;DE24;Bamberg;10.216259626460245;NO;17507;17568;µg/m3
DE24;Oberfranken;DE24;Bayreuth;10.216259626460245;NO;17507;17568;µg/m3
CZ04;Severozápad;CZ04;Usti nad Labem;5.532376707372983;SO2;9652;10223;µg/m3
CZ04;Severozápad;CZ04;Karlovy Vary;20.13107302956364;PM10;35246;35497;µg/m3
CZ04;Severozápad;CZ04;Most;20.13107302956364;PM10;35246;35497;µg/m3
CZ04;Severozápad;CZ04;Usti nad Labem;20.13107302956364;PM10;35246;35497;µg/m3
CZ04;Severozápad;CZ04;Most;51.96176821610374;O3;18414;19006;µg/m3
CZ04;Severozápad;CZ04;Usti nad Labem;51.96176821610374;O3;18414;19006;µg/m3
CZ04;Severozápad;CZ04;Most;19.656451414349124;NO2;33078;35132;µg/m3
CZ04;Severozápad;CZ04;Usti nad Labem;19.656451414349124;NO2;33078;35132;µg/m3
CZ04;Severozápad;CZ04;Usti nad Labem;0.3861242194851907;CO;8314;8783;µg/m3
CZ04;Severozápad;CZ04;Most;10.92733373454974;NO;33080;35132;µg/m3
CZ04;Severozápad;CZ04;Usti nad Labem;10.92733373454974;NO;33080;35132;µg/m3
BE33;Prov. Liège;BE33;Liege;2.589235459662289;SO2;8528;8784;µg/m3
BE33;Prov. Liège;BE33;Liege;14.476397262031943;PM10;34993;35136;µg/m3
BE33;Prov. Liège;BE33;Liege;49.66904591958125;O3;16812;17568;µg/m3
BE33;Prov. Liège;BE33;Liege;16.65737774285196;NO2;16543;17568;µg/m3
BE33;Prov. Liège;BE33;Liege;0.2041165503969243;CO;8314;8784;µg/m3
DE23;Oberpfalz;DE23;Regensburg;17.653149494516338;PM10;8693;8784;µg/m3
DE23;Oberpfalz;DE23;Regensburg;29.56030949853216;NO2;8693;8784;µg/m3
DE23;Oberpfalz;DE23;Regensburg;0.3007471150966189;CO;8694;8784;µg/m3
DE23;Oberpfalz;DE23;Regensburg;23.723437592205308;NO;8693;8784;µg/m3
NL42;Limburg (NL);NL42;Heerlen;15.754112578207463;PM10;17303;17568;µg/m3
NL42;Limburg (NL);NL42;Heerlen;54.563937467026136;O3;8668;8784;µg/m3
NL42;Limburg (NL);NL42;Heerlen;15.271429473893027;NO2;17342;17568;µg/m3
NL42;Limburg (NL);NL42;Heerlen;5.231943257041305;NO;17342;17568;µg/m3
CZ08;Moravskoslezsko;CZ08;Karvina;6.639260363547752;SO2;50728;52207;µg/m3
CZ08;Moravskoslezsko;CZ08;Ostrava;6.639260363547752;SO2;50728;52207;µg/m3
CZ08;Moravskoslezsko;CZ08;Havirov;22.050206653797265;PM10;112507;112790;µg/m3
CZ08;Moravskoslezsko;CZ08;Karvina;22.050206653797265;PM10;112507;112790;µg/m3
CZ08;Moravskoslezsko;CZ08;Ostrava;22.050206653797265;PM10;112507;112790;µg/m3
CZ08;Moravskoslezsko;CZ08;Karvina;50.44869353377003;O3;33717;34667;µg/m3
CZ08;Moravskoslezsko;CZ08;Ostrava;50.44869353377003;O3;33717;34667;µg/m3
CZ08;Moravskoslezsko;CZ08;Karvina;17.074978812889174;NO2;75528;77278;µg/m3
CZ08;Moravskoslezsko;CZ08;Ostrava;17.074978812889174;NO2;75528;77278;µg/m3
CZ08;Moravskoslezsko;CZ08;Ostrava;0.3674492299062626;CO;25709;26133;µg/m3
CZ08;Moravskoslezsko;CZ08;Karvina;5.755051700846328;NO;75529;77279;µg/m3
CZ08;Moravskoslezsko;CZ08;Ostrava;5.755051700846328;NO;75529;77279;µg/m3
CH03;Nordwestschweiz;CH03;Basel;0.9821914713573048;SO2;8760;8784;µg/m3
CH03;Nordwestschweiz;CH03;Basel;14.215779771674162;PM10;890;1098;µg/m3
CH03;Nordwestschweiz;CH03;Basel;50.41785420117463;O3;17539;17568;µg/m3
CH03;Nordwestschweiz;CH03;Basel;23.611860865932226;NO2;26082;26352;µg/m3
CH03;Nordwestschweiz;CH03;Basel;11.316318513036322;NO;26081;26352;µg/m3
ITH4;Friuli-Venezia Giulia;ITH4;Trieste;1.174246596325098;SO2;7407;8784;µg/m3
ITH4;Friuli-Venezia Giulia;ITH4;Pordenone;18.797537545106835;PM10;43562;45018;µg/m3
ITH4;Friuli-Venezia Giulia;ITH4;Trieste;18.797537545106835;PM10;43562;45018;µg/m3
ITH4;Friuli-Venezia Giulia;ITH4;Udine;18.797537545106835;PM10;43562;45018;µg/m3
ITH4;Friuli-Venezia Giulia;ITH4;Trieste;56.84399153623904;O3;24277;26352;µg/m3
ITH4;Friuli-Venezia Giulia;ITH4;Udine;56.84399153623904;O3;24277;26352;µg/m3
ITH4;Friuli-Venezia Giulia;ITH4;Pordenone;20.61763791977723;NO2;48480;52704;µg/m3
ITH4;Friuli-Venezia Giulia;ITH4;Trieste;20.61763791977723;NO2;48480;52704;µg/m3
ITH4;Friuli-Venezia Giulia;ITH4;Udine;20.61763791977723;NO2;48480;52704;µg/m3
ITH4;Friuli-Venezia Giulia;ITH4;Trieste;0.4706021758178057;CO;15884;17568;µg/m3
ITH4;Friuli-Venezia Giulia;ITH4;Pordenone;8.324585116341984;NO;40303;43920;µg/m3
ITH4;Friuli-Venezia Giulia;ITH4;Trieste;8.324585116341984;NO;40303;43920;µg/m3
ITH4;Friuli-Venezia Giulia;ITH4;Udine;8.324585116341984;NO;40303;43920;µg/m3
CZ07;Strední Morava;CZ07;Zlin;1.7889311933993353;SO2;7354;8783;µg/m3
CZ07;Strední Morava;CZ07;Olomouc;19.933430861083234;PM10;34178;34296;µg/m3
CZ07;Strední Morava;CZ07;Zlin;19.933430861083234;PM10;34178;34296;µg/m3
CZ07;Strední Morava;CZ07;Zlin;46.79782289400997;O3;17041;17566;µg/m3
CZ07;Strední Morava;CZ07;Olomouc;14.902625266885083;NO2;25445;26349;µg/m3
CZ07;Strední Morava;CZ07;Zlin;14.902625266885083;NO2;25445;26349;µg/m3
CZ07;Strední Morava;CZ07;Olomouc;4.7708305475972494;NO;25441;26349;µg/m3
CZ07;Strední Morava;CZ07;Zlin;4.7708305475972494;NO;25441;26349;µg/m3
DE73;Kassel;DE73;Kassel;0.8731801898185134;SO2;8709;8784;µg/m3
DE73;Kassel;DE73;Fulda;16.24765048187014;PM10;35084;35258;µg/m3
DE73;Kassel;DE73;Kassel;16.24765048187014;PM10;35084;35258;µg/m3
DE73;Kassel;DE73;Fulda;47.69658685325398;O3;17362;17568;µg/m3
DE73;Kassel;DE73;Kassel;47.69658685325398;O3;17362;17568;µg/m3
DE73;Kassel;DE73;Fulda;23.689523259862348;NO2;35015;35136;µg/m3
DE73;Kassel;DE73;Kassel;23.689523259862348;NO2;35015;35136;µg/m3
DE73;Kassel;DE73;Fulda;0.3069663504723585;CO;17529;17568;µg/m3
DE73;Kassel;DE73;Kassel;0.3069663504723585;CO;17529;17568;µg/m3
DE73;Kassel;DE73;Fulda;14.36978963847856;NO;35012;35136;µg/m3
DE73;Kassel;DE73;Kassel;14.36978963847856;NO;35012;35136;µg/m3
ES53;Illes Balears;ES53;Palma de Mallorca;2.841972557757711;SO2;17054;17568;µg/m3
ES53;Illes Balears;ES53;Palma de Mallorca;17.420087591240875;PM10;17125;17568;µg/m3
ES53;Illes Balears;ES53;Palma de Mallorca;65.38359124087592;O3;17125;17568;µg/m3
ES53;Illes Balears;ES53;Palma de Mallorca;15.733889310083397;NO2;17147;17568;µg/m3
ES53;Illes Balears;ES53;Palma de Mallorca;0.3821411819781913;CO;8528;8784;µg/m3
ES53;Illes Balears;ES53;Palma de Mallorca;6.951991600822789;NO;17147;17568;µg/m3
CZ01;Praha;CZ01;Praha;1.86247883836725;SO2;16540;17566;µg/m3
CZ01;Praha;CZ01;Praha;18.435150784233475;PM10;113639;114196;µg/m3
CZ01;Praha;CZ01;Praha;49.39731106171413;O3;50057;52698;µg/m3
CZ01;Praha;CZ01;Praha;22.07110216737993;NO2;99177;103966;µg/m3
CZ01;Praha;CZ01;Praha;0.3881996733057148;CO;16408;17566;µg/m3
CZ01;Praha;CZ01;Praha;9.557885501327586;NO;99182;103968;µg/m3
DE26;Unterfranken;DE26;Schweinfurt;14.93736018966978;PM10;26186;26352;µg/m3
DE26;Unterfranken;DE26;Wurzburg;14.93736018966978;PM10;26186;26352;µg/m3
DE26;Unterfranken;DE26;Aschaffenburg;46.122924776068366;O3;26237;26352;µg/m3
DE26;Unterfranken;DE26;Schweinfurt;46.122924776068366;O3;26237;26352;µg/m3
DE26;Unterfranken;DE26;Wurzburg;46.122924776068366;O3;26237;26352;µg/m3
DE26;Unterfranken;DE26;Aschaffenburg;22.100180135102487;NO2;26281;26352;µg/m3
DE26;Unterfranken;DE26;Schweinfurt;22.100180135102487;NO2;26281;26352;µg/m3
DE26;Unterfranken;DE26;Wurzburg;22.100180135102487;NO2;26281;26352;µg/m3
DE26;Unterfranken;DE26;Wurzburg;0.2770238051421072;CO;8761;8784;µg/m3
DE26;Unterfranken;DE26;Aschaffenburg;9.569260758480551;NO;26281;26352;µg/m3
DE26;Unterfranken;DE26;Schweinfurt;9.569260758480551;NO;26281;26352;µg/m3
DE26;Unterfranken;DE26;Wurzburg;9.569260758480551;NO;26281;26352;µg/m3
BE32;Prov. Hainaut;BE32;Charleroi;15.773411485994917;PM10;26121;26352;µg/m3
BE32;Prov. Hainaut;BE32;Charleroi;44.64779270633397;O3;8336;8784;µg/m3
BE32;Prov. Hainaut;BE32;Charleroi;18.938677860623496;NO2;17033;17568;µg/m3
BE32;Prov. Hainaut;BE32;Charleroi;0.2212224437077877;CO;8528;8784;µg/m3
NL31;Utrecht;NL31;Utrecht;16.42561668846612;PM10;17302;17568;µg/m3
NL31;Utrecht;NL31;Utrecht;46.70038797715441;O3;25826;26352;µg/m3
NL31;Utrecht;NL31;Utrecht;18.97249510288612;NO2;26055;26352;µg/m3
NL31;Utrecht;NL31;Utrecht;6.064454633665913;NO;26056;26352;µg/m3
DED4;Chemnitz;DED4;Chemnitz;14.31791385433954;PM10;27234;27816;µg/m3
DED4;Chemnitz;DED4;Plauen;14.31791385433954;PM10;27234;27816;µg/m3
DED4;Chemnitz;DED4;Zwickau;14.31791385433954;PM10;27234;27816;µg/m3
DED4;Chemnitz;DED4;Chemnitz;52.5148784622259;O3;13379;17568;µg/m3
DED4;Chemnitz;DED4;Plauen;52.5148784622259;O3;13379;17568;µg/m3
DED4;Chemnitz;DED4;Chemnitz;18.21297586647733;NO2;34853;35136;µg/m3
DED4;Chemnitz;DED4;Plauen;18.21297586647733;NO2;34853;35136;µg/m3
DED4;Chemnitz;DED4;Zwickau;18.21297586647733;NO2;34853;35136;µg/m3
DED4;Chemnitz;DED4;Chemnitz;12.11632596632688;NO;34853;35136;µg/m3
DED4;Chemnitz;DED4;Plauen;12.11632596632688;NO;34853;35136;µg/m3
DED4;Chemnitz;DED4;Zwickau;12.11632596632688;NO;34853;35136;µg/m3
ITI3;Marche;ITI3;Ancona;3.849223065360104;SO2;17183;17568;µg/m3
ITI3;Marche;ITI3;Ancona;23.12901644219436;PM10;31620;35136;µg/m3
ITI3;Marche;ITI3;Pesaro;23.12901644219436;PM10;31620;35136;µg/m3
ITI3;Marche;ITI3;Ancona;48.37822290015718;O3;16949;17568;µg/m3
ITI3;Marche;ITI3;Pesaro;48.37822290015718;O3;16949;17568;µg/m3
ITI3;Marche;ITI3;Ancona;20.95836219232618;NO2;25119;26352;µg/m3
ITI3;Marche;ITI3;Pesaro;20.95836219232618;NO2;25119;26352;µg/m3
ITI3;Marche;ITI3;Ancona;0.6859384124023504;CO;25687;26352;µg/m3
ITI3;Marche;ITI3;Pesaro;0.6859384124023504;CO;25687;26352;µg/m3
DEB1;Koblenz;DEB1;Koblenz;1.07278550344596;SO2;8677;8784;µg/m3
DEB1;Koblenz;DEB1;Koblenz;15.15440725249033;PM10;8248;8784;µg/m3
DEB1;Koblenz;DEB1;Koblenz;40.679039497861815;O3;8685;8784;µg/m3
DEB1;Koblenz;DEB1;Koblenz;30.21209896411407;NO2;17684;17823;µg/m3
DEB1;Koblenz;DEB1;Koblenz;0.2352318319183297;CO;8669;8784;µg/m3
DEB1;Koblenz;DEB1;Koblenz;16.333868355835204;NO;17433;17568;µg/m3
ITC3;Liguria;ITC3;Genova;4.5797412950423295;SO2;49787;52704;µg/m3
ITC3;Liguria;ITC3;La Spezia;4.5797412950423295;SO2;49787;52704;µg/m3
ITC3;Liguria;ITC3;Sanremo;4.5797412950423295;SO2;49787;52704;µg/m3
ITC3;Liguria;ITC3;Savona;4.5797412950423295;SO2;49787;52704;µg/m3
ITC3;Liguria;ITC3;Genova;17.908239229640007;PM10;75717;80520;µg/m3
ITC3;Liguria;ITC3;La Spezia;17.908239229640007;PM10;75717;80520;µg/m3
ITC3;Liguria;ITC3;Sanremo;17.908239229640007;PM10;75717;80520;µg/m3
ITC3;Liguria;ITC3;Savona;17.908239229640007;PM10;75717;80520;µg/m3
ITC3;Liguria;ITC3;Genova;63.49087187919186;O3;51016;52704;µg/m3
ITC3;Liguria;ITC3;La Spezia;63.49087187919186;O3;51016;52704;µg/m3
ITC3;Liguria;ITC3;Sanremo;63.49087187919186;O3;51016;52704;µg/m3
ITC3;Liguria;ITC3;Savona;63.49087187919186;O3;51016;52704;µg/m3
ITC3;Liguria;ITC3;Genova;23.984995859011384;NO2;142606;149328;µg/m3
ITC3;Liguria;ITC3;La Spezia;23.984995859011384;NO2;142606;149328;µg/m3
ITC3;Liguria;ITC3;Sanremo;23.984995859011384;NO2;142606;149328;µg/m3
ITC3;Liguria;ITC3;Savona;23.984995859011384;NO2;142606;149328;µg/m3
ITC3;Liguria;ITC3;Genova;0.6335420709545359;CO;69002;70272;µg/m3
ITC3;Liguria;ITC3;La Spezia;0.6335420709545359;CO;69002;70272;µg/m3
ITC3;Liguria;ITC3;Sanremo;0.6335420709545359;CO;69002;70272;µg/m3
ITC3;Liguria;ITC3;Savona;0.6335420709545359;CO;69002;70272;µg/m3
CH04;Zürich;CH04;Zurich;0.944763605842468;SO2;26203;26352;µg/m3
CH04;Zürich;CH04;Winterthur;13.30819744850646;PM10;2551;2562;µg/m3
CH04;Zürich;CH04;Zurich;13.30819744850646;PM10;2551;2562;µg/m3
CH04;Zürich;CH04;Winterthur;47.21218504983768;O3;69716;70272;µg/m3
CH04;Zürich;CH04;Zurich;47.21218504983768;O3;69716;70272;µg/m3
CH04;Zürich;CH04;Winterthur;22.39170418279386;NO2;69629;70272;µg/m3
CH04;Zürich;CH04;Zurich;22.39170418279386;NO2;69629;70272;µg/m3
CH04;Zürich;CH04;Zurich;0.2599162825877067;CO;26224;26352;µg/m3
CH04;Zürich;CH04;Winterthur;12.17643958435591;NO;69629;70272;µg/m3
CH04;Zürich;CH04;Zurich;12.17643958435591;NO;69629;70272;µg/m3
DED2;Dresden;DED2;Dresden;1.8179824676263296;SO2;17513;17568;µg/m3
DED2;Dresden;DED2;Gorlitz;1.8179824676263296;SO2;17513;17568;µg/m3
DED2;Dresden;DED2;Dresden;14.757876501229998;PM10;35807;36600;µg/m3
DED2;Dresden;DED2;Gorlitz;14.757876501229998;PM10;35807;36600;µg/m3
DED2;Dresden;DED2;Dresden;44.17042426967065;O3;26259;26352;µg/m3
DED2;Dresden;DED2;Dresden;20.8982507556142;NO2;34906;35136;µg/m3
DED2;Dresden;DED2;Gorlitz;20.8982507556142;NO2;34906;35136;µg/m3
DED2;Dresden;DED2;Dresden;15.15704342799462;NO;34906;35136;µg/m3
DED2;Dresden;DED2;Gorlitz;15.15704342799462;NO;34906;35136;µg/m3
DE91;Braunschweig;DE91;Gottingen;0.2985897494949674;SO2;16494;17568;µg/m3
DE91;Braunschweig;DE91;Wolfsburg;0.2985897494949674;SO2;16494;17568;µg/m3
DE91;Braunschweig;DE91;Braunschweig;13.586477812263206;PM10;52345;52704;µg/m3
DE91;Braunschweig;DE91;Gottingen;13.586477812263206;PM10;52345;52704;µg/m3
DE91;Braunschweig;DE91;Wolfsburg;13.586477812263206;PM10;52345;52704;µg/m3
DE91;Braunschweig;DE91;Braunschweig;52.91801288181952;O3;25309;26352;µg/m3
DE91;Braunschweig;DE91;Gottingen;52.91801288181952;O3;25309;26352;µg/m3
DE91;Braunschweig;DE91;Wolfsburg;52.91801288181952;O3;25309;26352;µg/m3
DE91;Braunschweig;DE91;Braunschweig;17.796714369324118;NO2;50473;52704;µg/m3
DE91;Braunschweig;DE91;Gottingen;17.796714369324118;NO2;50473;52704;µg/m3
DE91;Braunschweig;DE91;Wolfsburg;17.796714369324118;NO2;50473;52704;µg/m3
DE91;Braunschweig;DE91;Braunschweig;0.3219385765474751;CO;25645;26352;µg/m3
DE91;Braunschweig;DE91;Gottingen;0.3219385765474751;CO;25645;26352;µg/m3
DE91;Braunschweig;DE91;Wolfsburg;0.3219385765474751;CO;25645;26352;µg/m3
DE91;Braunschweig;DE91;Braunschweig;9.643907539958692;NO;50557;52704;µg/m3
DE91;Braunschweig;DE91;Gottingen;9.643907539958692;NO;50557;52704;µg/m3
DE91;Braunschweig;DE91;Wolfsburg;9.643907539958692;NO;50557;52704;µg/m3
CH01;Région lémanique;CH01;Geneve;13.810287632943988;PM10;1464;1464;µg/m3
CH01;Région lémanique;CH01;Lausanne;13.810287632943988;PM10;1464;1464;µg/m3
CH01;Région lémanique;CH01;Geneve;51.364453003209626;O3;35067;35136;µg/m3
CH01;Région lémanique;CH01;Lausanne;51.364453003209626;O3;35067;35136;µg/m3
CH01;Région lémanique;CH01;Geneve;22.303111528333943;NO2;35050;35136;µg/m3
CH01;Région lémanique;CH01;Lausanne;22.303111528333943;NO2;35050;35136;µg/m3
CH01;Région lémanique;CH01;Geneve;0.2907940261315741;CO;17511;17568;µg/m3
CH01;Région lémanique;CH01;Lausanne;0.2907940261315741;CO;17511;17568;µg/m3
CH01;Région lémanique;CH01;Geneve;9.009698476702168;NO;35050;35136;µg/m3
CH01;Région lémanique;CH01;Lausanne;9.009698476702168;NO;35050;35136;µg/m3
HU11;Budapest;HU11;Budapest;4.5696185591113005;SO2;43441;43920;µg/m3
HU11;Budapest;HU11;Budapest;24.965;PM10;1800;1830;µg/m3
HU11;Budapest;HU11;Budapest;43.73263706157677;O3;25134;26352;µg/m3
HU11;Budapest;HU11;Budapest;27.494520117268717;NO2;41698;43920;µg/m3
HU11;Budapest;HU11;Budapest;0.53053819257507;CO;42927;43920;µg/m3
DE25;Mittelfranken;DE25;Furth;18.43620701782004;PM10;17421;17568;µg/m3
DE25;Mittelfranken;DE25;Nurnberg;18.43620701782004;PM10;17421;17568;µg/m3
DE25;Mittelfranken;DE25;Erlangen;43.31012653334203;O3;17511;17568;µg/m3
DE25;Mittelfranken;DE25;Nurnberg;43.31012653334203;O3;17511;17568;µg/m3
DE25;Mittelfranken;DE25;Erlangen;24.855440519207573;NO2;35028;35136;µg/m3
DE25;Mittelfranken;DE25;Nurnberg;24.855440519207573;NO2;35028;35136;µg/m3
DE25;Mittelfranken;DE25;Nurnberg;0.3398507347846455;CO;8753;8784;µg/m3
DE25;Mittelfranken;DE25;Erlangen;15.62677505055711;NO;35028;35136;µg/m3
DE25;Mittelfranken;DE25;Nurnberg;15.62677505055711;NO;35028;35136;µg/m3
DE60;Hamburg;DE60;Hamburg;3.4517808057182666;SO2;34855;35136;µg/m3
DE60;Hamburg;DE60;Hamburg;16.642169203923313;PM10;60092;61488;µg/m3
DE60;Hamburg;DE60;Hamburg;47.596296549644194;O3;25911;26352;µg/m3
DE60;Hamburg;DE60;Hamburg;26.475072882948496;NO2;86669;87840;µg/m3
DE60;Hamburg;DE60;Hamburg;0.3280460908285186;CO;17465;17568;µg/m3
DE60;Hamburg;DE60;Hamburg;14.686789565312129;NO;86669;87840;µg/m3
DK01;Hovedstaden;DK01;Kobenhavn;1.1663655606244594;SO2;8119;8784;µg/m3
DK01;Hovedstaden;DK01;Kobenhavn;22.514155298996137;PM10;9137;9882;µg/m3
DK01;Hovedstaden;DK01;Kobenhavn;54.82489927131466;O3;15736;17568;µg/m3
DK01;Hovedstaden;DK01;Kobenhavn;15.776098976366924;NO2;32744;35136;µg/m3
DK01;Hovedstaden;DK01;Kobenhavn;0.2229994378845783;CO;16011;17568;µg/m3
DK01;Hovedstaden;DK01;Kobenhavn;9.351319059379028;NO;25879;26352;µg/m3
DE14;Tübingen;DE14;Friedrichshafen;15.23106822215827;PM10;54749;54900;µg/m3
DE14;Tübingen;DE14;Reutlingen;15.23106822215827;PM10;54749;54900;µg/m3
DE14;Tübingen;DE14;Tubingen;15.23106822215827;PM10;54749;54900;µg/m3
DE14;Tübingen;DE14;Ulm;15.23106822215827;PM10;54749;54900;µg/m3
DE14;Tübingen;DE14;Friedrichshafen;45.97425422914982;O3;33489;35136;µg/m3
DE14;Tübingen;DE14;Reutlingen;45.97425422914982;O3;33489;35136;µg/m3
DE14;Tübingen;DE14;Tubingen;45.97425422914982;O3;33489;35136;µg/m3
DE14;Tübingen;DE14;Ulm;45.97425422914982;O3;33489;35136;µg/m3
DE14;Tübingen;DE14;Friedrichshafen;24.392622915452687;NO2;51660;52719;µg/m3
DE14;Tübingen;DE14;Reutlingen;24.392622915452687;NO2;51660;52719;µg/m3
DE14;Tübingen;DE14;Tubingen;24.392622915452687;NO2;51660;52719;µg/m3
DE14;Tübingen;DE14;Ulm;24.392622915452687;NO2;51660;52719;µg/m3
DE14;Tübingen;DE14;Reutlingen;0.2979008073656259;CO;8670;8784;µg/m3
DE14;Tübingen;DE14;Friedrichshafen;18.34204666201834;NO;51645;52704;µg/m3
DE14;Tübingen;DE14;Reutlingen;18.34204666201834;NO;51645;52704;µg/m3
DE14;Tübingen;DE14;Tubingen;18.34204666201834;NO;51645;52704;µg/m3
DE14;Tübingen;DE14;Ulm;18.34204666201834;NO;51645;52704;µg/m3
BE21;Prov. Antwerpen;BE21;Antwerpen;1.4698356807511737;SO2;8520;8784;µg/m3
BE21;Prov. Antwerpen;BE21;Antwerpen;22.16757432328944;PM10;47999;52703;µg/m3
BE21;Prov. Antwerpen;BE21;Antwerpen;39.767976441631504;O3;11376;17567;µg/m3
BE21;Prov. Antwerpen;BE21;Antwerpen;25.64803800912976;NO2;49567;61936;µg/m3
BE21;Prov. Antwerpen;BE21;Antwerpen;0.2461913117086148;CO;8264;8784;µg/m3
DE27;Schwaben;DE27;Augsburg;15.309237245783828;PM10;34974;35136;µg/m3
DE27;Schwaben;DE27;Augsburg;47.15079526149096;O3;26259;26352;µg/m3
DE27;Schwaben;DE27;Kempten (Allgau);47.15079526149096;O3;26259;26352;µg/m3
DE27;Schwaben;DE27;Augsburg;21.814550630992507;NO2;43792;43920;µg/m3
DE27;Schwaben;DE27;Kempten (Allgau);21.814550630992507;NO2;43792;43920;µg/m3
DE27;Schwaben;DE27;Augsburg;0.2701335252882847;CO;26224;26352;µg/m3
DE27;Schwaben;DE27;Augsburg;9.944492742264138;NO;43792;43920;µg/m3
DE27;Schwaben;DE27;Kempten (Allgau);9.944492742264138;NO;43792;43920;µg/m3
FRF1;Alsace;FRF1;Colmar;17.2628078962765;PM10;68813;70128;µg/m3
FRF1;Alsace;FRF1;Mulhouse;17.2628078962765;PM10;68813;70128;µg/m3
FRF1;Alsace;FRF1;Strasbourg;17.2628078962765;PM10;68813;70128;µg/m3
FRF1;Alsace;FRF1;Colmar;52.01627841925931;O3;43143;43920;µg/m3
FRF1;Alsace;FRF1;Mulhouse;52.01627841925931;O3;43143;43920;µg/m3
FRF1;Alsace;FRF1;Strasbourg;52.01627841925931;O3;43143;43920;µg/m3
FRF1;Alsace;FRF1;Colmar;23.000584370480983;NO2;73583;74954;µg/m3
FRF1;Alsace;FRF1;Mulhouse;23.000584370480983;NO2;73583;74954;µg/m3
FRF1;Alsace;FRF1;Strasbourg;23.000584370480983;NO2;73583;74954;µg/m3
FRF1;Alsace;FRF1;Mulhouse;0.2715559038360623;CO;8613;8784;µg/m3
FRF1;Alsace;FRF1;Colmar;12.960634926930249;NO;73583;74954;µg/m3
FRF1;Alsace;FRF1;Mulhouse;12.960634926930249;NO;73583;74954;µg/m3
FRF1;Alsace;FRF1;Strasbourg;12.960634926930249;NO;73583;74954;µg/m3
AT13;Wien;AT13;Wien;0.6877269069837523;SO2;50039;52704;µg/m3
AT13;Wien;AT13;Wien;16.083596127497355;PM10;115400;115997;µg/m3
AT13;Wien;AT13;Wien;56.06434940510921;O3;33342;35137;µg/m3
AT13;Wien;AT13;Wien;18.47984550447793;NO2;133501;140544;µg/m3
AT13;Wien;AT13;Wien;0.2725846089307055;CO;25110;26352;µg/m3
AT13;Wien;AT13;Wien;1.8988574865884131;NO;33307;35136;µg/m3
DEA4;Detmold;DEA4;Bielefeld;17.08855238763206;PM10;21874;26535;µg/m3
DEA4;Detmold;DEA4;Bielefeld;47.674813103463045;O3;8438;8784;µg/m3
DEA4;Detmold;DEA4;Bielefeld;20.77951625819451;NO2;20908;26422;µg/m3
DEA4;Detmold;DEA4;Paderborn;20.77951625819451;NO2;20908;26422;µg/m3
DEA4;Detmold;DEA4;Bielefeld;11.775867498752604;NO;20838;26352;µg/m3
DEB3;Rheinhessen-Pfalz;DEB3;Kaiserslautern;1.162071765476901;SO2;34966;35136;µg/m3
DEB3;Rheinhessen-Pfalz;DEB3;Ludwigshafen am Rhein;1.162071765476901;SO2;34966;35136;µg/m3
DEB3;Rheinhessen-Pfalz;DEB3;Mainz;1.162071765476901;SO2;34966;35136;µg/m3
DEB3;Rheinhessen-Pfalz;DEB3;Kaiserslautern;16.707322505524182;PM10;50585;53604;µg/m3
DEB3;Rheinhessen-Pfalz;DEB3;Ludwigshafen am Rhein;16.707322505524182;PM10;50585;53604;µg/m3
DEB3;Rheinhessen-Pfalz;DEB3;Mainz;16.707322505524182;PM10;50585;53604;µg/m3
DEB3;Rheinhessen-Pfalz;DEB3;Speyer;16.707322505524182;PM10;50585;53604;µg/m3
DEB3;Rheinhessen-Pfalz;DEB3;Kaiserslautern;45.98653295279455;O3;34962;35136;µg/m3
DEB3;Rheinhessen-Pfalz;DEB3;Ludwigshafen am Rhein;45.98653295279455;O3;34962;35136;µg/m3
DEB3;Rheinhessen-Pfalz;DEB3;Mainz;45.98653295279455;O3;34962;35136;µg/m3
DEB3;Rheinhessen-Pfalz;DEB3;Speyer;45.98653295279455;O3;34962;35136;µg/m3
DEB3;Rheinhessen-Pfalz;DEB3;Frankenthal (Pfalz);24.503267519388107;NO2;79246;79785;µg/m3
DEB3;Rheinhessen-Pfalz;DEB3;Kaiserslautern;24.503267519388107;NO2;79246;79785;µg/m3
DEB3;Rheinhessen-Pfalz;DEB3;Ludwigshafen am Rhein;24.503267519388107;NO2;79246;79785;µg/m3
DEB3;Rheinhessen-Pfalz;DEB3;Mainz;24.503267519388107;NO2;79246;79785;µg/m3
DEB3;Rheinhessen-Pfalz;DEB3;Speyer;24.503267519388107;NO2;79246;79785;µg/m3
DEB3;Rheinhessen-Pfalz;DEB3;Kaiserslautern;0.2752164208954675;CO;61264;61488;µg/m3
DEB3;Rheinhessen-Pfalz;DEB3;Ludwigshafen am Rhein;0.2752164208954675;CO;61264;61488;µg/m3
DEB3;Rheinhessen-Pfalz;DEB3;Mainz;0.2752164208954675;CO;61264;61488;µg/m3
DEB3;Rheinhessen-Pfalz;DEB3;Frankenthal (Pfalz);13.15429768282316;NO;78392;79056;µg/m3
DEB3;Rheinhessen-Pfalz;DEB3;Kaiserslautern;13.15429768282316;NO;78392;79056;µg/m3
DEB3;Rheinhessen-Pfalz;DEB3;Ludwigshafen am Rhein;13.15429768282316;NO;78392;79056;µg/m3
DEB3;Rheinhessen-Pfalz;DEB3;Mainz;13.15429768282316;NO;78392;79056;µg/m3
DEB3;Rheinhessen-Pfalz;DEB3;Speyer;13.15429768282316;NO;78392;79056;µg/m3
NL22;Gelderland;NL22;Nijmegen;21.03517906011769;PM10;8712;8784;µg/m3
NL22;Gelderland;NL22;Nijmegen;50.17560293188965;O3;8583;8784;µg/m3
NL22;Gelderland;NL22;Nijmegen;20.11643220316229;NO2;17487;17568;µg/m3
NL22;Gelderland;NL22;Nijmegen;0.3094287749496643;CO;1192;8784;µg/m3
NL22;Gelderland;NL22;Nijmegen;7.142108420740059;NO;17487;17568;µg/m3
DE92;Hannover;DE92;Hannover;14.23873831489572;PM10;26185;26352;µg/m3
DE92;Hannover;DE92;Hildesheim;14.23873831489572;PM10;26185;26352;µg/m3
DE92;Hannover;DE92;Hannover;51.76017764198446;O3;8431;8784;µg/m3
DE92;Hannover;DE92;Hannover;25.263292518020616;NO2;25384;26477;µg/m3
DE92;Hannover;DE92;Hildesheim;25.263292518020616;NO2;25384;26477;µg/m3
DE92;Hannover;DE92;Hannover;0.3376584165275689;CO;17302;17568;µg/m3
DE92;Hannover;DE92;Hildesheim;0.3376584165275689;CO;17302;17568;µg/m3
DE92;Hannover;DE92;Hannover;17.41455726585296;NO;25263;26352;µg/m3
DE92;Hannover;DE92;Hildesheim;17.41455726585296;NO;25263;26352;µg/m3
ES21;País Vasco;ES21;Bilbao;5.503249202204816;SO2;34470;35088;µg/m3
ES21;País Vasco;ES21;Bilbao;16.451223281580635;PM10;42059;44286;µg/m3
ES21;País Vasco;ES21;Bilbao;46.47044395388766;O3;8154;8736;µg/m3
ES21;País Vasco;ES21;Bilbao;20.36141393346746;NO2;42746;43872;µg/m3
ES21;País Vasco;ES21;Bilbao;0.2348640098676609;CO;25921;26352;µg/m3
ES21;País Vasco;ES21;Bilbao;8.510310727843653;NO;42674;43871;µg/m3
ES70;Canarias;ES70;Arrecife;4.323678290213723;SO2;42672;52703;µg/m3
ES70;Canarias;ES70;Las Palmas;4.323678290213723;SO2;42672;52703;µg/m3
ES70;Canarias;ES70;Santa Cruz de Tenerife;4.323678290213723;SO2;42672;52703;µg/m3
ES70;Canarias;ES70;Telde;4.323678290213723;SO2;42672;52703;µg/m3
ES70;Canarias;ES70;Arrecife;28.36362598470145;PM10;35036;52703;µg/m3
ES70;Canarias;ES70;Las Palmas;28.36362598470145;PM10;35036;52703;µg/m3
ES70;Canarias;ES70;Santa Cruz de Tenerife;28.36362598470145;PM10;35036;52703;µg/m3
ES70;Canarias;ES70;Telde;28.36362598470145;PM10;35036;52703;µg/m3
ES70;Canarias;ES70;Arrecife;61.61411113773499;O3;45907;52704;µg/m3
ES70;Canarias;ES70;Las Palmas;61.61411113773499;O3;45907;52704;µg/m3
ES70;Canarias;ES70;Santa Cruz de Tenerife;61.61411113773499;O3;45907;52704;µg/m3
ES70;Canarias;ES70;Telde;61.61411113773499;O3;45907;52704;µg/m3
ES70;Canarias;ES70;Arrecife;12.851272849613098;NO2;44585;52703;µg/m3
ES70;Canarias;ES70;Las Palmas;12.851272849613098;NO2;44585;52703;µg/m3
ES70;Canarias;ES70;Santa Cruz de Tenerife;12.851272849613098;NO2;44585;52703;µg/m3
ES70;Canarias;ES70;Telde;12.851272849613098;NO2;44585;52703;µg/m3
ES70;Canarias;ES70;Las Palmas;0.3779315238424636;CO;5637;8784;µg/m3
ES70;Canarias;ES70;Arrecife;3.895915046965297;NO;44566;52702;µg/m3
ES70;Canarias;ES70;Las Palmas;3.895915046965297;NO;44566;52702;µg/m3
ES70;Canarias;ES70;Santa Cruz de Tenerife;3.895915046965297;NO;44566;52702;µg/m3
ES70;Canarias;ES70;Telde;3.895915046965297;NO;44566;52702;µg/m3
RO32;Bucuresti - Ilfov;RO32;Bucuresti;5.60069301730641;SO2;8297;8784;µg/m3
RO32;Bucuresti - Ilfov;RO32;Bucuresti;43.85431438120953;O3;8321;8784;µg/m3
RO32;Bucuresti - Ilfov;RO32;Bucuresti;33.45414909896496;NO2;16606;17569;µg/m3
RO32;Bucuresti - Ilfov;RO32;Bucuresti;0.564156648327867;CO;8235;8784;µg/m3
DE13;Freiburg;DE13;Freiburg im Breisgau;13.030068918261367;PM10;27369;27450;µg/m3
DE13;Freiburg;DE13;Konstanz;13.030068918261367;PM10;27369;27450;µg/m3
DE13;Freiburg;DE13;Freiburg im Breisgau;53.81052095447192;O3;16700;17568;µg/m3
DE13;Freiburg;DE13;Konstanz;53.81052095447192;O3;16700;17568;µg/m3
DE13;Freiburg;DE13;Freiburg im Breisgau;20.597532770233517;NO2;25859;26352;µg/m3
DE13;Freiburg;DE13;Konstanz;20.597532770233517;NO2;25859;26352;µg/m3
DE13;Freiburg;DE13;Freiburg im Breisgau;0.2422176070151121;CO;8667;8784;µg/m3
DE13;Freiburg;DE13;Freiburg im Breisgau;12.902631882050612;NO;25837;26352;µg/m3
DE13;Freiburg;DE13;Konstanz;12.902631882050612;NO;25837;26352;µg/m3
SE11;Stockholm;SE11;Stockholm;0.3636363636363636;SO2;11;11;µg/m3
SE11;Stockholm;SE11;Stockholm;14.369778087792984;PM10;100672;100672;µg/m3
SE11;Stockholm;SE11;Stockholm;55.97556394889342;O3;17466;17466;µg/m3
SE11;Stockholm;SE11;Stockholm;16.10272973723071;NO2;107556;107556;µg/m3
SE11;Stockholm;SE11;Stockholm;0.4273972759284246;CO;26211;26211;µg/m3
NL41;Noord-Brabant;NL41;Breda;17.708156477445574;PM10;34803;35136;µg/m3
NL41;Noord-Brabant;NL41;Eindhoven;17.708156477445574;PM10;34803;35136;µg/m3
NL41;Noord-Brabant;NL41;Breda;49.020283025793965;O3;17242;17568;µg/m3
NL41;Noord-Brabant;NL41;Eindhoven;49.020283025793965;O3;17242;17568;µg/m3
NL41;Noord-Brabant;NL41;Breda;19.741960876432444;NO2;34816;35136;µg/m3
NL41;Noord-Brabant;NL41;Eindhoven;19.741960876432444;NO2;34816;35136;µg/m3
NL41;Noord-Brabant;NL41;Breda;7.644136601075629;NO;34816;35136;µg/m3
NL41;Noord-Brabant;NL41;Eindhoven;7.644136601075629;NO;34816;35136;µg/m3
DEA3;Münster;DEA3;Gelsenkirchen;23.39871389787887;PM10;8920;9150;µg/m3
DEA3;Münster;DEA3;Bottrop;26.695806784263446;NO2;16588;17609;µg/m3
DEA3;Münster;DEA3;Gelsenkirchen;26.695806784263446;NO2;16588;17609;µg/m3
DEA3;Münster;DEA3;Recklinghausen;26.695806784263446;NO2;16588;17609;µg/m3
DEA3;Münster;DEA3;Gelsenkirchen;18.47984202322169;NO;16547;17568;µg/m3
DE12;Karlsruhe;DE12;Heidelberg;15.149430413846565;PM10;45506;45750;µg/m3
DE12;Karlsruhe;DE12;Karlsruhe;15.149430413846565;PM10;45506;45750;µg/m3
DE12;Karlsruhe;DE12;Mannheim;15.149430413846565;PM10;45506;45750;µg/m3
DE12;Karlsruhe;DE12;Pforzheim;15.149430413846565;PM10;45506;45750;µg/m3
DE12;Karlsruhe;DE12;Heidelberg;50.37604141411231;O3;25110;26352;µg/m3
DE12;Karlsruhe;DE12;Karlsruhe;50.37604141411231;O3;25110;26352;µg/m3
DE12;Karlsruhe;DE12;Pforzheim;50.37604141411231;O3;25110;26352;µg/m3
DE12;Karlsruhe;DE12;Heidelberg;24.37618881480048;NO2;43089;43966;µg/m3
DE12;Karlsruhe;DE12;Karlsruhe;24.37618881480048;NO2;43089;43966;µg/m3
DE12;Karlsruhe;DE12;Mannheim;24.37618881480048;NO2;43089;43966;µg/m3
DE12;Karlsruhe;DE12;Pforzheim;24.37618881480048;NO2;43089;43966;µg/m3
DE12;Karlsruhe;DE12;Karlsruhe;0.2482573571800141;CO;17330;17568;µg/m3
DE12;Karlsruhe;DE12;Mannheim;0.2482573571800141;CO;17330;17568;µg/m3
DE12;Karlsruhe;DE12;Heidelberg;14.929095170192666;NO;43069;43920;µg/m3
DE12;Karlsruhe;DE12;Karlsruhe;14.929095170192666;NO;43069;43920;µg/m3
DE12;Karlsruhe;DE12;Mannheim;14.929095170192666;NO;43069;43920;µg/m3
DE12;Karlsruhe;DE12;Pforzheim;14.929095170192666;NO;43069;43920;µg/m3
PT17;Área Metropolitana de Lisboa;PT17;Lisboa;0.7568668000696884;SO2;50766;52704;µg/m3
PT17;Área Metropolitana de Lisboa;PT17;Setubal;0.7568668000696884;SO2;50766;52704;µg/m3
PT17;Área Metropolitana de Lisboa;PT17;Sintra;0.7568668000696884;SO2;50766;52704;µg/m3
PT17;Área Metropolitana de Lisboa;PT17;Lisboa;17.609322372218163;PM10;116569;123342;µg/m3
PT17;Área Metropolitana de Lisboa;PT17;Setubal;17.609322372218163;PM10;116569;123342;µg/m3
PT17;Área Metropolitana de Lisboa;PT17;Sintra;17.609322372218163;PM10;116569;123342;µg/m3
PT17;Área Metropolitana de Lisboa;PT17;Lisboa;57.17594012363033;O3;101343;105047;µg/m3
PT17;Área Metropolitana de Lisboa;PT17;Setubal;57.17594012363033;O3;101343;105047;µg/m3
PT17;Área Metropolitana de Lisboa;PT17;Sintra;57.17594012363033;O3;101343;105047;µg/m3
PT17;Área Metropolitana de Lisboa;PT17;Lisboa;19.584407778680436;NO2;140987;149328;µg/m3
PT17;Área Metropolitana de Lisboa;PT17;Setubal;19.584407778680436;NO2;140987;149328;µg/m3
PT17;Área Metropolitana de Lisboa;PT17;Sintra;19.584407778680436;NO2;140987;149328;µg/m3
PT17;Área Metropolitana de Lisboa;PT17;Lisboa;0.2399078923448697;CO;61287;70272;µg/m3
PT17;Área Metropolitana de Lisboa;PT17;Setubal;0.2399078923448697;CO;61287;70272;µg/m3
PT17;Área Metropolitana de Lisboa;PT17;Lisboa;8.96180399324172;NO;140987;149328;µg/m3
PT17;Área Metropolitana de Lisboa;PT17;Setubal;8.96180399324172;NO;140987;149328;µg/m3
PT17;Área Metropolitana de Lisboa;PT17;Sintra;8.96180399324172;NO;140987;149328;µg/m3
NL32;Noord-Holland;NL32;Amsterdam;0.2808451678189573;SO2;8661;8784;µg/m3
NL32;Noord-Holland;NL32;Amsterdam;17.187567893194515;PM10;69002;70272;µg/m3
NL32;Noord-Holland;NL32;Haarlem;17.187567893194515;PM10;69002;70272;µg/m3
NL32;Noord-Holland;NL32;Amsterdam;48.34675803183331;O3;34658;35136;µg/m3
NL32;Noord-Holland;NL32;Haarlem;48.34675803183331;O3;34658;35136;µg/m3
NL32;Noord-Holland;NL32;Amsterdam;22.111767722517943;NO2;103421;105408;µg/m3
NL32;Noord-Holland;NL32;Haarlem;22.111767722517943;NO2;103421;105408;µg/m3
NL32;Noord-Holland;NL32;Amsterdam;0.3506645420480769;CO;26000;26352;µg/m3
NL32;Noord-Holland;NL32;Amsterdam;8.596723647336015;NO;103423;105408;µg/m3
NL32;Noord-Holland;NL32;Haarlem;8.596723647336015;NO;103423;105408;µg/m3
PL91;Warszawski stoleczny;PL91;Warszawa;2.813277235836414;SO2;8692;8741;µg/m3
PL91;Warszawski stoleczny;PL91;Warszawa;26.43627187325761;PM10;43753;43755;µg/m3
PL91;Warszawski stoleczny;PL91;Warszawa;41.098436022804805;O3;34605;34977;µg/m3
PL91;Warszawski stoleczny;PL91;Warszawa;24.947806278083377;NO2;34359;34837;µg/m3
PL91;Warszawski stoleczny;PL91;Warszawa;0.5184705884767457;CO;8751;8782;µg/m3
PL91;Warszawski stoleczny;PL91;Warszawa;12.794623240099805;NO;34359;34885;µg/m3
DEA5;Arnsberg;DEA5;Dortmund;18.64844508709889;PM10;26143;26533;µg/m3
DEA5;Arnsberg;DEA5;Hagen;18.64844508709889;PM10;26143;26533;µg/m3
DEA5;Arnsberg;DEA5;Dortmund;47.5199134497421;O3;8377;8784;µg/m3
DEA5;Arnsberg;DEA5;Bochum;31.221447418835098;NO2;25258;26459;µg/m3
DEA5;Arnsberg;DEA5;Dortmund;31.221447418835098;NO2;25258;26459;µg/m3
DEA5;Arnsberg;DEA5;Hagen;31.221447418835098;NO2;25258;26459;µg/m3
DEA5;Arnsberg;DEA5;Herne;31.221447418835098;NO2;25258;26459;µg/m3
DEA5;Arnsberg;DEA5;Siegen;31.221447418835098;NO2;25258;26459;µg/m3
DEA5;Arnsberg;DEA5;Witten;31.221447418835098;NO2;25258;26459;µg/m3
DEA5;Arnsberg;DEA5;Dortmund;24.55627740140084;NO;25151;26352;µg/m3
DEA5;Arnsberg;DEA5;Hagen;24.55627740140084;NO;25151;26352;µg/m3
DE30;Berlin;DE30;Berlin;1.2073695757770406;SO2;3642;8784;µg/m3
DE30;Berlin;DE30;Berlin;18.921961392152323;PM10;85327;87840;µg/m3
DE30;Berlin;DE30;Berlin;45.693973802546765;O3;35047;35136;µg/m3
DE30;Berlin;DE30;Berlin;25.365312086720063;NO2;112916;115360;µg/m3
DE30;Berlin;DE30;Berlin;0.3176729201077732;CO;17537;17568;µg/m3
DE30;Berlin;DE30;Berlin;13.385495988450089;NO;111756;114192;µg/m3
NL33;Zuid-Holland;NL33;Dordrecht;18.68327105326851;PM10;68565;70272;µg/m3
NL33;Zuid-Holland;NL33;Rotterdam;18.68327105326851;PM10;68565;70272;µg/m3
NL33;Zuid-Holland;NL33;Dordrecht;44.7494979724246;O3;43484;43920;µg/m3
NL33;Zuid-Holland;NL33;Rotterdam;44.7494979724246;O3;43484;43920;µg/m3
NL33;Zuid-Holland;NL33;Dordrecht;25.34240297580748;NO2;69676;70272;µg/m3
NL33;Zuid-Holland;NL33;Rotterdam;25.34240297580748;NO2;69676;70272;µg/m3
NL33;Zuid-Holland;NL33;Dordrecht;9.790299813619058;NO;69676;70272;µg/m3
NL33;Zuid-Holland;NL33;Rotterdam;9.790299813619058;NO;69676;70272;µg/m3
EL30;Attiki;EL30;Athina;7.156530113341729;SO2;26998;35136;µg/m3
EL30;Attiki;EL30;Athina;24.626760690715127;PM10;55305;61487;µg/m3
EL30;Attiki;EL30;Athina;44.25176356117733;O3;49332;70271;µg/m3
EL30;Attiki;EL30;Athina;31.68243168184848;NO2;72016;79055;µg/m3
EL30;Attiki;EL30;Athina;0.6326073026423847;CO;26537;43920;µg/m3
EL30;Attiki;EL30;Athina;22.624319595645414;NO;72016;79055;µg/m3
DE71;Darmstadt;DE71;Darmstadt;0.9654624813098928;SO2;52553;52704;µg/m3
DE71;Darmstadt;DE71;Frankfurt am Main;0.9654624813098928;SO2;52553;52704;µg/m3
DE71;Darmstadt;DE71;Hanau;0.9654624813098928;SO2;52553;52704;µg/m3
DE71;Darmstadt;DE71;Wiesbaden;0.9654624813098928;SO2;52553;52704;µg/m3
DE71;Darmstadt;DE71;Darmstadt;15.805315662209892;PM10;105634;106378;µg/m3
DE71;Darmstadt;DE71;Frankfurt am Main;15.805315662209892;PM10;105634;106378;µg/m3
DE71;Darmstadt;DE71;Hanau;15.805315662209892;PM10;105634;106378;µg/m3
DE71;Darmstadt;DE71;Offenbach am Main;15.805315662209892;PM10;105634;106378;µg/m3
DE71;Darmstadt;DE71;Wiesbaden;15.805315662209892;PM10;105634;106378;µg/m3
DE71;Darmstadt;DE71;Darmstadt;44.30065442866909;O3;61213;61488;µg/m3
DE71;Darmstadt;DE71;Frankfurt am Main;44.30065442866909;O3;61213;61488;µg/m3
DE71;Darmstadt;DE71;Hanau;44.30065442866909;O3;61213;61488;µg/m3
DE71;Darmstadt;DE71;Wiesbaden;44.30065442866909;O3;61213;61488;µg/m3
DE71;Darmstadt;DE71;Darmstadt;26.719303083583775;NO2;105087;105587;µg/m3
DE71;Darmstadt;DE71;Frankfurt am Main;26.719303083583775;NO2;105087;105587;µg/m3
DE71;Darmstadt;DE71;Hanau;26.719303083583775;NO2;105087;105587;µg/m3
DE71;Darmstadt;DE71;Offenbach am Main;26.719303083583775;NO2;105087;105587;µg/m3
DE71;Darmstadt;DE71;Wiesbaden;26.719303083583775;NO2;105087;105587;µg/m3
DE71;Darmstadt;DE71;Darmstadt;0.2586929396397859;CO;61271;61488;µg/m3
DE71;Darmstadt;DE71;Frankfurt am Main;0.2586929396397859;CO;61271;61488;µg/m3
DE71;Darmstadt;DE71;Offenbach am Main;0.2586929396397859;CO;61271;61488;µg/m3
DE71;Darmstadt;DE71;Wiesbaden;0.2586929396397859;CO;61271;61488;µg/m3
DE71;Darmstadt;DE71;Darmstadt;15.164729367238095;NO;104931;105408;µg/m3
DE71;Darmstadt;DE71;Frankfurt am Main;15.164729367238095;NO;104931;105408;µg/m3
DE71;Darmstadt;DE71;Hanau;15.164729367238095;NO;104931;105408;µg/m3
DE71;Darmstadt;DE71;Offenbach am Main;15.164729367238095;NO;104931;105408;µg/m3
DE71;Darmstadt;DE71;Wiesbaden;15.164729367238095;NO;104931;105408;µg/m3
DEA2;Köln;DEA2;Aachen;14.921665387742614;PM10;78399;79971;µg/m3
DEA2;Köln;DEA2;Bonn;14.921665387742614;PM10;78399;79971;µg/m3
DEA2;Köln;DEA2;Koln;14.921665387742614;PM10;78399;79971;µg/m3
DEA2;Köln;DEA2;Leverkusen;14.921665387742614;PM10;78399;79971;µg/m3
DEA2;Köln;DEA2;Aachen;47.855175869734055;O3;33598;35136;µg/m3
DEA2;Köln;DEA2;Koln;47.855175869734055;O3;33598;35136;µg/m3
DEA2;Köln;DEA2;Leverkusen;47.855175869734055;O3;33598;35136;µg/m3
DEA2;Köln;DEA2;Aachen;24.30644580421401;NO2;75869;79238;µg/m3
DEA2;Köln;DEA2;Bonn;24.30644580421401;NO2;75869;79238;µg/m3
DEA2;Köln;DEA2;Koln;24.30644580421401;NO2;75869;79238;µg/m3
DEA2;Köln;DEA2;Leverkusen;24.30644580421401;NO2;75869;79238;µg/m3
DEA2;Köln;DEA2;Aachen;11.111478758685768;NO;75687;79056;µg/m3
DEA2;Köln;DEA2;Bonn;11.111478758685768;NO;75687;79056;µg/m3
DEA2;Köln;DEA2;Koln;11.111478758685768;NO;75687;79056;µg/m3
DEA2;Köln;DEA2;Leverkusen;11.111478758685768;NO;75687;79056;µg/m3
